Sample,,,,,,,,D-Methamphetamine Results,,,L-Methamphetamine Results,,
,,Name,Data File,Type,Level,Acq. Date-Time,Pos.,RT,Final Conc.,Accuracy,RT,Final Conc.,Accuracy
,,L1,15SEP2026_LCMS6_DL_001_001.d,Cal,1,9/16/2026 8:17 AM,P1-A1,1.913,25.6088,102.4,2.051,25.5273,102.1
,,L2,15SEP2026_LCMS6_DL_001_002.d,Cal,2,9/16/2026 8:20 AM,P1-B1,1.908,48.7505,97.5,2.049,48.9176,97.8
,,L3,15SEP2026_LCMS6_DL_001_003.d,Cal,3,9/16/2026 8:24 AM,P1-C1,1.908,1000.6408,100.1,2.046,1000.5551,100.1
,,QC L,15SEP2026_LCMS6_DL_001_004.d,QC,4,9/16/2026 8:28 AM,P1-D1,1.910,40.7730,108.7,2.046,39.1532,104.4
,,QC H,15SEP2026_LCMS6_DL_001_005.d,QC,5,9/16/2026 8:32 AM,P1-E1,1.908,667.2378,106.8,2.044,646.2086,103.4
,!,QC N,15SEP2026_LCMS6_DL_001_006.d,Blank,,9/16/2026 8:35 AM,P1-F1,1.908,1.2856,,2.212,0.7444,
,,T262580231,15SEP2026_LCMS6_DL_001_007.d,Sample,,9/16/2026 8:39 AM,P1-B11,1.905,129.4845,,1.905,0.0000,
,!,T262580267,15SEP2026_LCMS6_DL_001_008.d,Sample,,9/16/2026 8:43 AM,P1-E4,1.905,3958.8646,,1.905,0.0000,
,!,T262580253,15SEP2026_LCMS6_DL_001_009.d,Sample,,9/16/2026 8:47 AM,P1-D2,1.903,7385.5924,,1.903,0.0000,
,!,T262580217,15SEP2026_LCMS6_DL_001_010.d,Sample,,9/16/2026 8:51 AM,P1-D8,1.905,383427.6500,,1.905,0.0000,
