Sample,,,,,,,,EtS Results,,,EtG Results,,
,,Name,Data File,Type,Level,Acq. Date-Time,Pos.,RT,Final Conc.,Accuracy,RT,Final Conc.,Accuracy
,,L1,15SEP2026_LCMS5_ETH_004_001.d,Cal,1,9/15/2026 5:19 PM,P4-A1,0.669,244.4745,97.8,1.067,223.3628,89.3
,,L2,15SEP2026_LCMS5_ETH_004_002.d,Cal,2,9/15/2026 5:23 PM,P4-B1,0.660,508.9289,101.8,1.025,502.8798,100.6
,,L3,15SEP2026_LCMS5_ETH_004_003.d,Cal,3,9/15/2026 5:26 PM,P4-C1,0.669,10088.3951,100.9,1.034,10271.2636,102.7
,,QC L,15SEP2026_LCMS5_ETH_004_004.d,QC,4,9/15/2026 5:29 PM,P4-D1,0.669,348.9197,93.0,1.034,337.7949,90.1
,,QC H,15SEP2026_LCMS5_ETH_004_005.d,QC,5,9/15/2026 5:32 PM,P4-E1,0.660,2599.3743,104.0,1.025,2566.2714,102.7
,!,QC N,15SEP2026_LCMS5_ETH_004_006.d,Blank,,9/15/2026 5:35 PM,P4-F1,0.644,4.2123,,1.025,6.5250,
,!,T262550177,15SEP2026_LCMS5_ETH_004_007.d,Sample,,9/15/2026 5:37 PM,P4-G1,0.644,35.2070,,1.017,46.1766,
!,!,T262550202,15SEP2026_LCMS5_ETH_004_008.d,Sample,,9/15/2026 5:40 PM,P4-H1,0.652,3.5859,,1.059,6.3805,
!,!,T262580205,15SEP2026_LCMS5_ETH_004_009.d,Sample,,9/15/2026 5:43 PM,P4-A2,0.652,42.5315,,1.017,51.8104,
!,!,T262580169,15SEP2026_LCMS5_ETH_004_010.d,Sample,,9/15/2026 5:46 PM,P4-B2,0.677,1.1137,,1.025,35.1324,
,!,T262580479,15SEP2026_LCMS5_ETH_004_011.d,Sample,,9/15/2026 5:49 PM,P4-C2,0.644,14.2759,,1.059,121.6317,
!,!,T262580474,15SEP2026_LCMS5_ETH_004_012.d,Sample,,9/15/2026 5:52 PM,P4-D2,0.677,7.3466,,1.034,29.7025,
!,!,T262580472,15SEP2026_LCMS5_ETH_004_013.d,Sample,,9/15/2026 5:55 PM,P4-E2,0.635,9.9356,,1.067,50.4622,
!,!,T262580469,15SEP2026_LCMS5_ETH_004_014.d,Sample,,9/15/2026 5:58 PM,P4-F2,0.635,10.0655,,1.017,8.4597,
!,!,T262580468,15SEP2026_LCMS5_ETH_004_015.d,Sample,,9/15/2026 6:01 PM,P4-G2,0.660,12.4815,,1.059,12.0865,
!,!,T262580467,15SEP2026_LCMS5_ETH_004_016.d,Sample,,9/15/2026 6:04 PM,P4-H2,0.644,5.9943,,1.042,47.1058,
!,!,T262580466,15SEP2026_LCMS5_ETH_004_017.d,Sample,,9/15/2026 6:07 PM,P4-A3,0.660,78.5237,,1.059,144.5912,
!,!,T262580463,15SEP2026_LCMS5_ETH_004_018.d,Sample,,9/15/2026 6:10 PM,P4-B3,0.652,27.4622,,1.034,132.0639,
!,!,T262580461,15SEP2026_LCMS5_ETH_004_019.d,Sample,,9/15/2026 6:13 PM,P4-C3,0.644,23.4080,,1.042,73.8324,
!,!,T262580458,15SEP2026_LCMS5_ETH_004_020.d,Sample,,9/15/2026 6:16 PM,P4-D3,0.669,2.0128,,1.159,0.0000,
!,!,T262580456,15SEP2026_LCMS5_ETH_004_021.d,Sample,,9/15/2026 6:19 PM,P4-E3,0.677,11.8937,,1.034,66.2134,
,!,T262580453,15SEP2026_LCMS5_ETH_004_022.d,Sample,,9/15/2026 6:22 PM,P4-F3,0.652,34.4225,,1.017,84.6891,
!,!,T262580451,15SEP2026_LCMS5_ETH_004_023.d,Sample,,9/15/2026 6:25 PM,P4-G3,0.685,4.3710,,1.059,21.7944,
!,!,T262580449,15SEP2026_LCMS5_ETH_004_024.d,Sample,,9/15/2026 6:28 PM,P4-H3,0.660,8.7470,,1.034,18.1634,
!,!,T262580448,15SEP2026_LCMS5_ETH_004_025.d,Sample,,9/15/2026 6:31 PM,P4-A4,0.644,8.9608,,1.017,1.5351,
,!,T262580488,15SEP2026_LCMS5_ETH_004_026.d,Sample,,9/15/2026 6:34 PM,P4-B4,0.669,157591.3596,,1.026,672175.6794,
!,!,T262580376,15SEP2026_LCMS5_ETH_004_027.d,Sample,,9/15/2026 6:37 PM,P4-C4,0.660,62.5066,,1.026,304.6386,
!,!,T262580378,15SEP2026_LCMS5_ETH_004_028.d,Sample,,9/15/2026 6:40 PM,P4-D4,0.644,33.5118,,1.067,56.9008,
,!,T262580382,15SEP2026_LCMS5_ETH_004_029.d,Sample,,9/15/2026 6:43 PM,P4-E4,0.635,13.2973,,1.000,130.9692,
!,!,T262580386,15SEP2026_LCMS5_ETH_004_030.d,Sample,,9/15/2026 6:46 PM,P4-F4,0.669,2.6000,,1.026,30.3600,
!,!,T262580388,15SEP2026_LCMS5_ETH_004_031.d,Sample,,9/15/2026 6:49 PM,P4-G4,0.660,30.3176,,1.126,0.0000,
!,!,T262580394,15SEP2026_LCMS5_ETH_004_032.d,Sample,,9/15/2026 6:52 PM,P4-H4,0.669,52.2782,,1.042,103.0005,
!,!,T262580398,15SEP2026_LCMS5_ETH_004_033.d,Sample,,9/15/2026 6:55 PM,P4-A5,0.660,19.1386,,1.042,59.0401,
!,!,T262580402,15SEP2026_LCMS5_ETH_004_034.d,Sample,,9/15/2026 6:58 PM,P4-B5,0.660,6.0557,,1.051,27.2153,
!,!,T262580412,15SEP2026_LCMS5_ETH_004_035.d,Sample,,9/15/2026 7:01 PM,P4-C5,0.685,17.0459,,1.051,124.0495,
!,!,T262580414,15SEP2026_LCMS5_ETH_004_036.d,Sample,,9/15/2026 7:04 PM,P4-D5,0.660,42.0409,,1.034,126.3188,
!,!,T262580419,15SEP2026_LCMS5_ETH_004_037.d,Sample,,9/15/2026 7:07 PM,P4-E5,0.660,5.7700,,1.025,17.0485,
,!,T262580422,15SEP2026_LCMS5_ETH_004_038.d,Sample,,9/15/2026 7:10 PM,P4-F5,0.652,10.0776,,1.067,195.2766,
!,!,T262580425,15SEP2026_LCMS5_ETH_004_039.d,Sample,,9/15/2026 7:12 PM,P4-G5,0.644,8.4009,,1.084,59.8430,
!,!,T262580429,15SEP2026_LCMS5_ETH_004_040.d,Sample,,9/15/2026 7:15 PM,P4-H5,0.660,8.4457,,1.017,16.7155,
!,!,T262580432,15SEP2026_LCMS5_ETH_004_041.d,Sample,,9/15/2026 7:18 PM,P4-A6,0.669,48.0955,,1.101,363.8435,
!,!,T262580477,15SEP2026_LCMS5_ETH_004_042.d,Sample,,9/15/2026 7:21 PM,P4-B6,0.660,9.5346,,1.034,24.1283,
!,!,T262580475,15SEP2026_LCMS5_ETH_004_043.d,Sample,,9/15/2026 7:24 PM,P4-C6,0.669,3.0446,,1.034,82.9835,
!,!,T262580471,15SEP2026_LCMS5_ETH_004_044.d,Sample,,9/15/2026 7:27 PM,P4-D6,0.685,6.3823,,1.042,14.8301,
!,!,T262580465,15SEP2026_LCMS5_ETH_004_045.d,Sample,,9/15/2026 7:30 PM,P4-E6,0.652,8.0565,,1.059,23.1545,
!,!,T262580460,15SEP2026_LCMS5_ETH_004_046.d,Sample,,9/15/2026 7:33 PM,P4-F6,0.669,8.2208,,0.959,12.8820,
!,!,T262580457,15SEP2026_LCMS5_ETH_004_047.d,Sample,,9/15/2026 7:36 PM,P4-G6,0.685,8.6619,,1.042,24.7463,
!,!,T262580454,15SEP2026_LCMS5_ETH_004_048.d,Sample,,9/15/2026 7:39 PM,P4-H6,0.660,13.6212,,1.051,40.3552,
!,!,T262580450,15SEP2026_LCMS5_ETH_004_049.d,Sample,,9/15/2026 7:42 PM,P4-A7,0.660,7.8509,,1.025,69.9003,
!,!,T262580447,15SEP2026_LCMS5_ETH_004_050.d,Sample,,9/15/2026 7:45 PM,P4-B7,0.652,13.0732,,1.034,30.5199,
!,!,T262580445,15SEP2026_LCMS5_ETH_004_051.d,Sample,,9/15/2026 7:48 PM,P4-C7,0.660,19.9084,,1.034,4.9726,
!,!,T262580440,15SEP2026_LCMS5_ETH_004_052.d,Sample,,9/15/2026 7:51 PM,P4-D7,0.669,23.0613,,1.051,37.2791,
!,!,T262580436,15SEP2026_LCMS5_ETH_004_053.d,Sample,,9/15/2026 7:54 PM,P4-E7,0.652,8.6273,,1.034,150.2400,
!,!,T262580481,15SEP2026_LCMS5_ETH_004_054.d,Sample,,9/15/2026 7:57 PM,P4-F7,0.652,4.7075,,1.067,71.6590,
!,!,T262580483,15SEP2026_LCMS5_ETH_004_055.d,Sample,,9/15/2026 8:00 PM,P4-G7,0.652,24.3737,,1.076,126.7597,
,!,T262580484,15SEP2026_LCMS5_ETH_004_056.d,Sample,,9/15/2026 8:03 PM,P4-H7,0.635,45.6662,,1.051,12.4604,
!,!,T262580485,15SEP2026_LCMS5_ETH_004_057.d,Sample,,9/15/2026 8:06 PM,P4-A8,0.660,19.6932,,1.059,83.4786,
,!,T262580487,15SEP2026_LCMS5_ETH_004_058.d,Sample,,9/15/2026 8:09 PM,P4-B8,0.677,76019.1345,,1.034,239499.6883,
,!,T262580455,15SEP2026_LCMS5_ETH_004_059.d,Sample,,9/15/2026 8:12 PM,P4-C8,0.652,69.4999,,1.034,137.4148,
!,!,T262580459,15SEP2026_LCMS5_ETH_004_060.d,Sample,,9/15/2026 8:15 PM,P4-D8,0.669,13.8496,,1.101,19.0269,
!,!,T262580462,15SEP2026_LCMS5_ETH_004_061.d,Sample,,9/15/2026 8:18 PM,P4-E8,0.652,265.2741,,1.025,182.5239,
!,!,T262580464,15SEP2026_LCMS5_ETH_004_062.d,Sample,,9/15/2026 8:21 PM,P4-F8,0.660,24.1044,,1.017,63.2928,
!,!,T262580470,15SEP2026_LCMS5_ETH_004_063.d,Sample,,9/15/2026 8:24 PM,P4-G8,0.644,71.6783,,1.059,117.6788,
!,!,T262580473,15SEP2026_LCMS5_ETH_004_064.d,Sample,,9/15/2026 8:27 PM,P4-H8,0.644,33.6484,,1.042,135.6983,
!,!,T262580476,15SEP2026_LCMS5_ETH_004_065.d,Sample,,9/15/2026 8:30 PM,P4-A9,0.669,3.9657,,1.051,13.9529,
!,!,T262580478,15SEP2026_LCMS5_ETH_004_066.d,Sample,,9/15/2026 8:33 PM,P4-B9,0.677,42.5776,,1.009,51.4140,
!,!,T262580480,15SEP2026_LCMS5_ETH_004_067.d,Sample,,9/15/2026 8:36 PM,P4-C9,0.677,8.5541,,1.042,37.9956,
!,!,T262580482,15SEP2026_LCMS5_ETH_004_068.d,Sample,,9/15/2026 8:39 PM,P4-D9,0.669,6.7436,,1.034,35.5928,
,!,T262580486,15SEP2026_LCMS5_ETH_004_069.d,Sample,,9/15/2026 8:42 PM,P4-E9,0.652,212496.4479,,1.017,1257389.6994,
!,!,T262580285,15SEP2026_LCMS5_ETH_004_070.d,Sample,,9/15/2026 8:45 PM,P4-F9,0.652,118.4677,,1.017,0.0000,
,,T262580303,15SEP2026_LCMS5_ETH_004_071.d,Sample,,9/15/2026 8:48 PM,P4-G9,0.652,960.3306,,1.017,1373.2148,
,!,T262580307,15SEP2026_LCMS5_ETH_004_072.d,Sample,,9/15/2026 8:51 PM,P4-H9,0.644,41.7164,,1.025,396.7256,
!,!,T262580312,15SEP2026_LCMS5_ETH_004_073.d,Sample,,9/15/2026 8:54 PM,P4-A10,0.652,49.1144,,1.034,241.7496,
!,!,T262580315,15SEP2026_LCMS5_ETH_004_074.d,Sample,,9/15/2026 8:57 PM,P4-B10,0.652,38.6769,,1.025,267.3253,
,!,T262580318,15SEP2026_LCMS5_ETH_004_075.d,Sample,,9/15/2026 9:00 PM,P4-C10,0.652,29.2420,,1.009,237.3391,
,!,T262580325,15SEP2026_LCMS5_ETH_004_076.d,Sample,,9/15/2026 9:03 PM,P4-D10,0.644,45.1098,,1.025,0.0000,
!,!,T262580328,15SEP2026_LCMS5_ETH_004_077.d,Sample,,9/15/2026 9:06 PM,P4-E10,0.660,54.6811,,1.017,298.0496,
!,!,T262580330,15SEP2026_LCMS5_ETH_004_078.d,Sample,,9/15/2026 9:09 PM,P4-F10,0.652,42.0211,,1.025,218.8280,
!,!,T262580334,15SEP2026_LCMS5_ETH_004_079.d,Sample,,9/15/2026 9:12 PM,P4-G10,0.652,24.2131,,1.026,140.0945,
!,!,T262580337,15SEP2026_LCMS5_ETH_004_080.d,Sample,,9/15/2026 9:15 PM,P4-H10,0.660,27.8736,,1.025,147.2456,
!,!,T262580340,15SEP2026_LCMS5_ETH_004_081.d,Sample,,9/15/2026 9:18 PM,P4-A11,0.669,22.5229,,1.034,149.3996,
!,!,T262580346,15SEP2026_LCMS5_ETH_004_082.d,Sample,,9/15/2026 9:21 PM,P4-B11,0.660,33.5501,,1.017,159.4854,
,!,T262580349,15SEP2026_LCMS5_ETH_004_083.d,Sample,,9/15/2026 9:23 PM,P4-C11,0.660,24.3966,,1.034,126.0000,
!,!,T262580352,15SEP2026_LCMS5_ETH_004_084.d,Sample,,9/15/2026 9:26 PM,P4-D11,0.644,29.9982,,1.084,0.0000,
!,!,T262580355,15SEP2026_LCMS5_ETH_004_085.d,Sample,,9/15/2026 9:29 PM,P4-E11,0.669,40.1075,,1.034,157.5787,
!,!,T262580357,15SEP2026_LCMS5_ETH_004_086.d,Sample,,9/15/2026 9:32 PM,P4-F11,0.660,31.4176,,1.051,112.0288,
!,!,T262580359,15SEP2026_LCMS5_ETH_004_087.d,Sample,,9/15/2026 9:35 PM,P4-G11,0.677,15.0392,,1.042,124.5610,
!,!,T262580361,15SEP2026_LCMS5_ETH_004_088.d,Sample,,9/15/2026 9:38 PM,P4-H11,0.669,132.9487,,1.051,152.3679,
!,!,T262580369,15SEP2026_LCMS5_ETH_004_089.d,Sample,,9/15/2026 9:41 PM,P4-A12,0.669,23.7722,,1.034,72.9897,
!,!,T262580374,15SEP2026_LCMS5_ETH_004_090.d,Sample,,9/15/2026 9:44 PM,P4-B12,0.644,22.9793,,1.051,94.4947,
!,!,T262580332,15SEP2026_LCMS5_ETH_004_091.d,Sample,,9/15/2026 9:47 PM,P4-C12,0.660,242.7038,,1.025,0.0000,
!,!,T262580335,15SEP2026_LCMS5_ETH_004_092.d,Sample,,9/15/2026 9:50 PM,P4-D12,0.669,43.3767,,1.025,94.7934,
,!,T262580338,15SEP2026_LCMS5_ETH_004_093.d,Sample,,9/15/2026 9:53 PM,P4-E12,0.635,9.1031,,1.017,70.6267,
,!,T262580342,15SEP2026_LCMS5_ETH_004_094.d,Sample,,9/15/2026 9:56 PM,P4-F12,0.635,10.4037,,1.034,62.6826,
,!,T262580345,15SEP2026_LCMS5_ETH_004_095.d,Sample,,9/15/2026 9:59 PM,P4-G12,0.644,19.4348,,1.025,91.9183,
,!,T262580348,15SEP2026_LCMS5_ETH_004_096.d,Sample,,9/15/2026 10:02 PM,P4-H12,0.652,36.1266,,1.000,77.4435,
,,L1,15SEP2026_LCMS5_ETH_004_097.d,Cal,1,9/15/2026 10:05 PM,P4-A1,0.660,250.6065,100.2,1.034,277.9359,111.2
,,L2,15SEP2026_LCMS5_ETH_004_098.d,Cal,2,9/15/2026 10:08 PM,P4-B1,0.660,501.1680,100.2,1.017,494.4543,98.9
,,L3,15SEP2026_LCMS5_ETH_004_099.d,Cal,3,9/15/2026 10:11 PM,P4-C1,0.669,9906.4270,99.1,1.025,9730.1036,97.3
,,QC L,15SEP2026_LCMS5_ETH_004_100.d,QC,4,9/15/2026 10:14 PM,P4-D1,0.660,255.0000,68.0,1.017,266.2500,71.0
,,QC H,15SEP2026_LCMS5_ETH_004_101.d,QC,5,9/15/2026 10:17 PM,P4-E1,0.660,3308.4210,132.3,1.009,3221.7500,128.9
,,QC N,15SEP2026_LCMS5_ETH_004_102.d,Blank,,9/15/2026 10:20 PM,P4-F1,0.644,6.7200,,1.000,17.6532,
